"時間","場所名","住所","該当ページURL","充電場所HP","充電器タイプ","利用可能時間","充電器タイプ","充電器出力","ビジター料金","その他","充電器総数","利用可能","利用中","故障中","休止中","未使用"
02/10/25 10:36,アリオ札幌　急速　立体駐車場４Ｆ,北海道札幌市東区北７条東９－２－２０,https://www.evcharger-network.com/chg_spot_search/,,急速充電器,09:00 ～ 22:00,CHAdeMO,最大20kW,最初の5分まで82.5円、以降1分毎に16.5円,,1,1台利用できます,0台利用中です,0台休止中です,北海道,札幌市中央区
02/10/25 10:36,セイコーマート前田５条店,北海道札幌市手稲区前田５条１５丁目７−２５,https://www.evcharger-network.com/chg_spot_search/,,急速充電器,00:00 ～ 23:59,CHAdeMO,最大20kW,最初の5分まで275円、以降1分毎に55円,,1,1台利用できます,0台利用中です,0台休止中です,北海道,札幌市中央区
02/10/25 10:36,セイコーマート大麻ひかり町店,北海道江別市大麻ひかり町１７−１５,https://www.evcharger-network.com/chg_spot_search/,,急速充電器,00:00 ～ 23:59,CHAdeMO,最大20kW,最初の5分まで275円、以降1分毎に55円,,1,1台利用できます,0台利用中です,0台休止中です,北海道,札幌市中央区
02/10/25 10:36,セイコーマート屯田８条８丁目店,北海道札幌市北区屯田８条８丁目１４−２５,https://www.evcharger-network.com/chg_spot_search/,,急速充電器,00:00 ～ 23:59,CHAdeMO,最大20kW,最初の5分まで275円、以降1分毎に55円,,1,1台利用できます,0台利用中です,0台休止中です,北海道,札幌市中央区
02/10/25 10:36,セイコーマート東苗穂８条店,北海道札幌市東区東苗穂８条２丁目３－５５,https://www.evcharger-network.com/chg_spot_search/,,急速充電器,00:00 ～ 23:59,CHAdeMO,最大20kW,最初の5分まで275円、以降1分毎に55円,,1,1台利用できます,0台利用中です,0台休止中です,北海道,札幌市中央区
02/10/25 10:37,ファミリーマート北野通店,北海道札幌市清田区北野２条１丁目１４−１,https://www.evcharger-network.com/chg_spot_search/,,急速充電器,00:00 ～ 23:59,CHAdeMO,最大20kW,最初の5分まで275円、以降1分毎に55円,,1,1台利用できます,0台利用中です,0台休止中です,北海道,札幌市中央区
02/10/25 10:37,ファミリーマート月寒東５条店,北海道札幌市豊平区月寒東５条７丁目４ー１３,https://www.evcharger-network.com/chg_spot_search/,,急速充電器,00:00 ～ 23:59,CHAdeMO,最大30kW,最初の5分まで275円、以降1分毎に55円,,1,1台利用できます,0台利用中です,0台休止中です,北海道,札幌市中央区
02/10/25 10:37,ファミリーマート石狩花川北１条店,北海道石狩市花川北１条６丁目６－１,https://www.evcharger-network.com/chg_spot_search/,,急速充電器,00:00 ～ 23:59,CHAdeMO,最大20kW,最初の5分まで275円、以降1分毎に55円,,1,0台利用できます,0台利用中です,1台休止中です,北海道,札幌市中央区
02/10/25 10:37,プリンス札幌　川下支店,北海道札幌市白石区川下４条３丁目４番１０号,https://www.evcharger-network.com/chg_spot_search/,,急速充電器,00:00 ～ 23:59,CHAdeMO,最大44kW,充電1回当たり2970円,,1,1台利用できます,0台利用中です,0台休止中です,北海道,札幌市中央区
02/10/25 10:37,プリンス札幌　新琴似支店,北海道札幌市北区新琴似７条１６丁目４番１５号,https://www.evcharger-network.com/chg_spot_search/,,急速充電器,00:00 ～ 23:59,CHAdeMO,最大44kW,充電1回当たり2970円,,1,1台利用できます,0台利用中です,0台休止中です,北海道,札幌市中央区
02/10/25 10:37,プリンス札幌　月寒支店,北海道札幌市豊平区月寒中央通１１丁目６番３７号,https://www.evcharger-network.com/chg_spot_search/,,急速充電器,00:00 ～ 23:59,CHAdeMO,最大50kW,充電1回当たり2970円,,1,1台利用できます,0台利用中です,0台休止中です,北海道,札幌市中央区
02/10/25 10:38,プリンス札幌　江別支店,北海道江別市幸町３２番地の３,https://www.evcharger-network.com/chg_spot_search/,,急速充電器,00:00 ～ 23:59,CHAdeMO,最大44kW,充電1回当たり2970円,,1,1台利用できます,0台利用中です,0台休止中です,北海道,札幌市中央区
02/10/25 10:38,プリンス札幌　篠路支店,北海道札幌市北区篠路３条３丁目１番３６号,https://www.evcharger-network.com/chg_spot_search/,,急速充電器,00:00 ～ 23:59,CHAdeMO,最大44kW,充電1回当たり2970円,,1,1台利用できます,0台利用中です,0台休止中です,北海道,札幌市中央区
02/10/25 10:38,北海道日産　北店,北海道札幌市東区北１９条東１丁目２番２０号,https://www.evcharger-network.com/chg_spot_search/,,急速充電器,00:00 ～ 23:59,CHAdeMO,最大50kW,充電1回当たり2970円,,1,1台利用できます,0台利用中です,0台休止中です,北海道,札幌市中央区
02/10/25 10:38,北海道日産　厚別店,北海道札幌市厚別区厚別東４条７丁目２番１０号,https://www.evcharger-network.com/chg_spot_search/,,急速充電器,00:00 ～ 23:59,CHAdeMO,最大44kW,充電1回当たり2970円,,1,1台利用できます,0台利用中です,0台休止中です,北海道,札幌市中央区
02/10/25 10:38,北海道日産　手稲店,北海道札幌市手稲区新発寒５条１丁目１番６号,https://www.evcharger-network.com/chg_spot_search/,,急速充電器,00:00 ～ 23:59,CHAdeMO,最大44kW,充電1回当たり2970円,,1,1台利用できます,0台利用中です,0台休止中です,北海道,札幌市中央区
02/10/25 10:38,北海道日産　新琴似店,北海道札幌市北区新琴似３条１丁目１番３９号,https://www.evcharger-network.com/chg_spot_search/,,急速充電器,00:00 ～ 23:59,CHAdeMO,最大44kW,充電1回当たり2970円,,1,1台利用できます,0台利用中です,0台休止中です,北海道,札幌市中央区
02/10/25 10:39,プリンス札幌　月寒支店,北海道札幌市豊平区月寒中央通１１丁目６番３７号,https://www.evcharger-network.com/chg_spot_search/,,急速充電器,00:00 ～ 23:59,CHAdeMO,最大50kW,充電1回当たり2970円,,1,1台利用できます,0台利用中です,0台休止中です,北海道,札幌市中央区
02/10/25 10:39,北海道日産　白石店,北海道札幌市白石区本通１４丁目南５番１５号,https://www.evcharger-network.com/chg_spot_search/,,急速充電器,00:00 ～ 23:59,CHAdeMO,最大44kW,充電1回当たり2970円,,1,1台利用できます,0台利用中です,0台休止中です,北海道,札幌市中央区
02/10/25 10:39,札幌日産　中央店,北海道札幌市中央区大通東２－３－３,https://www.evcharger-network.com/chg_spot_search/,,急速充電器,00:00 ～ 23:59,CHAdeMO,最大44kW,充電1回当たり2970円,,1,1台利用できます,0台利用中です,0台休止中です,北海道,札幌市中央区
02/10/25 10:39,札幌日産　北３６条店,北海道札幌市東区北３６条東１丁目４－１,https://www.evcharger-network.com/chg_spot_search/,,急速充電器,00:00 ～ 23:59,CHAdeMO,最大44kW,充電1回当たり2970円,,1,1台利用できます,0台利用中です,0台休止中です,北海道,札幌市中央区
02/10/25 10:39,札樽道　金山ＰＡ上り　急速１,北海道札幌市手稲区稲穂五条6-202-52,https://www.evcharger-network.com/chg_spot_search/,,急速充電器,00:00 ～ 23:59,CHAdeMO,最大50kW,最初の5分まで275円、以降1分毎に55円,,1,1台利用できます,0台利用中です,0台休止中です,北海道,札幌市中央区
02/10/25 10:39,札樽道　金山ＰＡ上り　急速１,北海道札幌市手稲区稲穂五条6-202-52,https://www.evcharger-network.com/chg_spot_search/,,急速充電器,00:00 ～ 23:59,CHAdeMO,最大50kW,最初の5分まで275円、以降1分毎に55円,,1,1台利用できます,0台利用中です,0台休止中です,北海道,札幌市中央区
02/10/25 10:40,道央自動車道 輪厚ＰＡ（下り）,北海道北広島市輪厚５２２－７,https://www.evcharger-network.com/chg_spot_search/,,急速充電器,00:00 ～ 23:59,CHAdeMO,最大40kW,最初の5分まで275円、以降1分毎に55円,【次のSA/PAまでの距離】 道央自動車道　岩見沢ＳＡ　５２km,1,1台利用できます,0台利用中です,0台休止中です,北海道,札幌市中央区
02/10/25 10:40,プリンス札幌　月寒支店,北海道札幌市豊平区月寒中央通１１丁目６番３７号,https://www.evcharger-network.com/chg_spot_search/,,急速充電器,00:00 ～ 23:59,CHAdeMO,最大50kW,充電1回当たり2970円,,1,1台利用できます,0台利用中です,0台休止中です,北海道,札幌市北区
02/10/25 10:40,札樽道　金山ＰＡ上り　急速１,北海道札幌市手稲区稲穂五条6-202-52,https://www.evcharger-network.com/chg_spot_search/,,急速充電器,00:00 ～ 23:59,CHAdeMO,最大50kW,最初の5分まで275円、以降1分毎に55円,,1,1台利用できます,0台利用中です,0台休止中です,北海道,札幌市北区
02/10/25 10:40,プリンス札幌　月寒支店,北海道札幌市豊平区月寒中央通１１丁目６番３７号,https://www.evcharger-network.com/chg_spot_search/,,急速充電器,00:00 ～ 23:59,CHAdeMO,最大50kW,充電1回当たり2970円,,1,1台利用できます,0台利用中です,0台休止中です,北海道,札幌市東区
02/10/25 10:41,札樽道　金山ＰＡ上り　急速１,北海道札幌市手稲区稲穂五条6-202-52,https://www.evcharger-network.com/chg_spot_search/,,急速充電器,00:00 ～ 23:59,CHAdeMO,最大50kW,最初の5分まで275円、以降1分毎に55円,,1,1台利用できます,0台利用中です,0台休止中です,北海道,札幌市東区
02/10/25 10:41,プリンス札幌　月寒支店,北海道札幌市豊平区月寒中央通１１丁目６番３７号,https://www.evcharger-network.com/chg_spot_search/,,急速充電器,00:00 ～ 23:59,CHAdeMO,最大50kW,充電1回当たり2970円,,1,1台利用できます,0台利用中です,0台休止中です,北海道,札幌市白石区
02/10/25 10:41,札樽道　金山ＰＡ上り　急速１,北海道札幌市手稲区稲穂五条6-202-52,https://www.evcharger-network.com/chg_spot_search/,,急速充電器,00:00 ～ 23:59,CHAdeMO,最大50kW,最初の5分まで275円、以降1分毎に55円,,1,1台利用できます,0台利用中です,0台休止中です,北海道,札幌市白石区
02/10/25 10:41,道央自動車道 輪厚ＰＡ（下り）,北海道北広島市輪厚５２２－７,https://www.evcharger-network.com/chg_spot_search/,,急速充電器,00:00 ～ 23:59,CHAdeMO,最大40kW,最初の5分まで275円、以降1分毎に55円,【次のSA/PAまでの距離】 道央自動車道　岩見沢ＳＡ　５２km,1,1台利用できます,0台利用中です,0台休止中です,北海道,札幌市白石区
02/10/25 10:42,プリンス札幌　月寒支店,北海道札幌市豊平区月寒中央通１１丁目６番３７号,https://www.evcharger-network.com/chg_spot_search/,,急速充電器,00:00 ～ 23:59,CHAdeMO,最大50kW,充電1回当たり2970円,,1,1台利用できます,0台利用中です,0台休止中です,北海道,札幌市豊平区
02/10/25 10:42,札樽道　金山ＰＡ上り　急速１,北海道札幌市手稲区稲穂五条6-202-52,https://www.evcharger-network.com/chg_spot_search/,,急速充電器,00:00 ～ 23:59,CHAdeMO,最大50kW,最初の5分まで275円、以降1分毎に55円,,1,1台利用できます,0台利用中です,0台休止中です,北海道,札幌市豊平区
02/10/25 10:42,道央自動車道 輪厚ＰＡ（下り）,北海道北広島市輪厚５２２－７,https://www.evcharger-network.com/chg_spot_search/,,急速充電器,00:00 ～ 23:59,CHAdeMO,最大40kW,最初の5分まで275円、以降1分毎に55円,【次のSA/PAまでの距離】 道央自動車道　岩見沢ＳＡ　５２km,1,1台利用できます,0台利用中です,0台休止中です,北海道,札幌市豊平区
02/10/25 10:42,プリンス札幌　月寒支店,北海道札幌市豊平区月寒中央通１１丁目６番３７号,https://www.evcharger-network.com/chg_spot_search/,,急速充電器,00:00 ～ 23:59,CHAdeMO,最大50kW,充電1回当たり2970円,,1,1台利用できます,0台利用中です,0台休止中です,北海道,札幌市厚別区
02/10/25 10:43,札樽道　金山ＰＡ上り　急速１,北海道札幌市手稲区稲穂五条6-202-52,https://www.evcharger-network.com/chg_spot_search/,,急速充電器,00:00 ～ 23:59,CHAdeMO,最大50kW,最初の5分まで275円、以降1分毎に55円,,1,1台利用できます,0台利用中です,0台休止中です,北海道,札幌市厚別区
02/10/25 10:43,道央自動車道 輪厚ＰＡ（下り）,北海道北広島市輪厚５２２－７,https://www.evcharger-network.com/chg_spot_search/,,急速充電器,00:00 ～ 23:59,CHAdeMO,最大40kW,最初の5分まで275円、以降1分毎に55円,【次のSA/PAまでの距離】 道央自動車道　岩見沢ＳＡ　５２km,1,1台利用できます,0台利用中です,0台休止中です,北海道,札幌市厚別区
02/10/25 10:43,北海道日産　小樽店,北海道小樽市有幌町３－５,https://www.evcharger-network.com/chg_spot_search/,,急速充電器,00:00 ～ 23:59,CHAdeMO,最大44kW,充電1回当たり2970円,,1,1台利用できます,0台利用中です,0台休止中です,北海道,札幌市手稲区
02/10/25 10:43,プリンス札幌　月寒支店,北海道札幌市豊平区月寒中央通１１丁目６番３７号,https://www.evcharger-network.com/chg_spot_search/,,急速充電器,00:00 ～ 23:59,CHAdeMO,最大50kW,充電1回当たり2970円,,1,1台利用できます,0台利用中です,0台休止中です,北海道,札幌市手稲区
02/10/25 10:43,北海道日産　小樽店,北海道小樽市有幌町３－５,https://www.evcharger-network.com/chg_spot_search/,,急速充電器,00:00 ～ 23:59,CHAdeMO,最大44kW,充電1回当たり2970円,,1,1台利用できます,0台利用中です,0台休止中です,北海道,札幌市手稲区
02/10/25 10:44,札樽道　金山ＰＡ上り　急速１,北海道札幌市手稲区稲穂五条6-202-52,https://www.evcharger-network.com/chg_spot_search/,,急速充電器,00:00 ～ 23:59,CHAdeMO,最大50kW,最初の5分まで275円、以降1分毎に55円,,1,1台利用できます,0台利用中です,0台休止中です,北海道,札幌市手稲区
02/10/25 10:44,プリンス札幌　恵庭支店,北海道恵庭市恵央町１１番１,https://www.evcharger-network.com/chg_spot_search/,,急速充電器,00:00 ～ 23:59,CHAdeMO,最大50kW,充電1回当たり2970円,,1,1台利用できます,0台利用中です,0台休止中です,北海道,札幌市清田区
02/10/25 10:44,北海道日産　千歳店,北海道千歳市北信濃７７９番地２,https://www.evcharger-network.com/chg_spot_search/,,急速充電器,00:00 ～ 23:59,CHAdeMO,最大44kW,充電1回当たり2970円,,1,1台利用できます,0台利用中です,0台休止中です,北海道,札幌市清田区
02/10/25 10:44,プリンス札幌　月寒支店,北海道札幌市豊平区月寒中央通１１丁目６番３７号,https://www.evcharger-network.com/chg_spot_search/,,急速充電器,00:00 ～ 23:59,CHAdeMO,最大50kW,充電1回当たり2970円,,1,1台利用できます,0台利用中です,0台休止中です,北海道,札幌市清田区
02/10/25 10:44,道央自動車道 輪厚ＰＡ（下り）,北海道北広島市輪厚５２２－７,https://www.evcharger-network.com/chg_spot_search/,,急速充電器,00:00 ～ 23:59,CHAdeMO,最大40kW,最初の5分まで275円、以降1分毎に55円,【次のSA/PAまでの距離】 道央自動車道　岩見沢ＳＡ　５２km,1,1台利用できます,0台利用中です,0台休止中です,北海道,札幌市清田区
02/10/25 10:45,函館日産　亀田本町店,北海道函館市亀田本町３７－９,https://www.evcharger-network.com/chg_spot_search/,,急速充電器,00:00 ～ 23:59,CHAdeMO,最大50kW,充電1回当たり2970円,,1,1台利用できます,0台利用中です,0台休止中です,北海道,函館市
02/10/25 10:45,北海道日産　小樽店,北海道小樽市有幌町３－５,https://www.evcharger-network.com/chg_spot_search/,,急速充電器,00:00 ～ 23:59,CHAdeMO,最大44kW,充電1回当たり2970円,,1,1台利用できます,0台利用中です,0台休止中です,北海道,小樽市
02/10/25 10:45,札樽道　金山ＰＡ上り　急速１,北海道札幌市手稲区稲穂五条6-202-52,https://www.evcharger-network.com/chg_spot_search/,,急速充電器,00:00 ～ 23:59,CHAdeMO,最大50kW,最初の5分まで275円、以降1分毎に55円,,1,1台利用できます,0台利用中です,0台休止中です,北海道,小樽市
02/10/25 10:46,北海道日産　室蘭店,北海道室蘭市日の出町３丁目７番１０号,https://www.evcharger-network.com/chg_spot_search/,,急速充電器,00:00 ～ 23:59,CHAdeMO,最大50kW,充電1回当たり2970円,,1,1台利用できます,0台利用中です,0台休止中です,北海道,室蘭市
02/10/25 10:46,札幌日産　室蘭中島店,北海道室蘭市中島町４丁目２－６,https://www.evcharger-network.com/chg_spot_search/,,急速充電器,00:00 ～ 23:59,CHAdeMO,最大44kW,充電1回当たり2970円,,1,1台利用できます,0台利用中です,0台休止中です,北海道,室蘭市
02/10/25 10:46,帯広日産　南２９丁目店,北海道帯広市大通南２９丁目２番地,https://www.evcharger-network.com/chg_spot_search/,,急速充電器,00:00 ～ 23:59,CHAdeMO,最大44kW,充電1回当たり2970円,,1,0台利用できます,0台利用中です,1台休止中です,北海道,帯広市
02/10/25 10:47,帯広日産　帯広日産ＢＰセンター,北海道帯広市西２０条北１丁目１番地,https://www.evcharger-network.com/chg_spot_search/,,急速充電器,00:00 ～ 23:59,CHAdeMO,最大44kW,充電1回当たり2970円,,1,1台利用できます,0台利用中です,0台休止中です,北海道,帯広市
02/10/25 10:47,帯広日産　幕別店,北海道中川郡幕別町相川４７１番地１４,https://www.evcharger-network.com/chg_spot_search/,,急速充電器,00:00 ～ 23:59,CHAdeMO,最大44kW,充電1回当たり2970円,,1,1台利用できます,0台利用中です,0台休止中です,北海道,帯広市
02/10/25 10:47,帯広日産　西１６条店,北海道帯広市西１６条北１丁目２１番地,https://www.evcharger-network.com/chg_spot_search/,,急速充電器,00:00 ～ 23:59,CHAdeMO,最大44kW,充電1回当たり2970円,,1,1台利用できます,0台利用中です,0台休止中です,北海道,帯広市
02/10/25 11:00,プリンス札幌　月寒支店,北海道札幌市豊平区月寒中央通１１丁目６番３７号,https://www.evcharger-network.com/chg_spot_search/,,急速充電器,00:00 ～ 23:59,CHAdeMO,最大50kW,充電1回当たり2970円,,1,1台利用できます,0台利用中です,0台休止中です,北海道,札幌市中央区
02/10/25 11:00,イトーヨーカドー　青森店,青森県青森市浜田１－１４－１,https://www.evcharger-network.com/chg_spot_search/,,普通充電器,10:00 ～ 21:00,ケーブル付き普通,200V,最初の15分まで33円、以降1分毎に2.2円,,44,42台利用できます,2台利用中です,0台休止中です,青森県,青森市
02/10/25 11:12,取得ミス,青森県上北郡野辺地町字観音林後１−１,https://www.evcharger-network.com/chg_spot_search/,,急速充電器,00:00 ～ 23:59,CHAdeMO,最大25kW,最初の5分まで275円、以降1分毎に55円,,1,1台利用できます,0台利用中です,0台休止中です,青森県,青森市
02/10/25 11:13,サティオ弘前　岩木店,青森県弘前市大字熊嶋字亀田１５３,https://www.evcharger-network.com/chg_spot_search/,,急速充電器,00:00 ～ 23:59,CHAdeMO,最大44kW,充電1回当たり2970円,,1,1台利用できます,0台利用中です,0台休止中です,青森県,弘前市
02/10/25 11:13,サティオ弘前　弘前店,青森県弘前市大字境関１丁目１－７,https://www.evcharger-network.com/chg_spot_search/,,急速充電器,00:00 ～ 23:59,CHAdeMO,最大50kW,充電1回当たり2970円,第１火曜日、水曜日定休日,1,1台利用できます,0台利用中です,0台休止中です,青森県,弘前市
02/10/25 11:13,サティオ弘前　弘前日産城北大橋店,青森県弘前市大字藤野２丁目７－１,https://www.evcharger-network.com/chg_spot_search/,,急速充電器,00:00 ～ 23:59,CHAdeMO,最大44kW,充電1回当たり2970円,,1,0台利用できます,0台利用中です,1台休止中です,青森県,弘前市
02/10/25 11:13,サティオ弘前　神田店,青森県弘前市大字神田２丁目１－１０,https://www.evcharger-network.com/chg_spot_search/,,急速充電器,00:00 ～ 23:59,CHAdeMO,最大44kW,充電1回当たり2970円,,1,1台利用できます,0台利用中です,0台休止中です,青森県,弘前市
02/10/25 11:13,ファミリーマート大鰐町店,青森県南津軽郡大鰐町大字長峰字下川原１９−６,https://www.evcharger-network.com/chg_spot_search/,,急速充電器,00:00 ～ 23:59,CHAdeMO,最大20kW,最初の5分まで275円、以降1分毎に55円,,1,1台利用できます,0台利用中です,0台休止中です,青森県,弘前市
02/10/25 11:13,取得ミス,青森県上北郡野辺地町字観音林後１−１,https://www.evcharger-network.com/chg_spot_search/,,急速充電器,00:00 ～ 23:59,CHAdeMO,最大25kW,最初の5分まで275円、以降1分毎に55円,,1,1台利用できます,0台利用中です,0台休止中です,青森県,弘前市
02/10/25 11:13,ローソン弘前湯口店,青森県弘前市大字湯口字一ノ細川５１−３,https://www.evcharger-network.com/chg_spot_search/,,急速充電器,00:00 ～ 23:59,CHAdeMO,最大25kW,最初の5分まで275円、以降1分毎に55円,,1,1台利用できます,0台利用中です,0台休止中です,青森県,弘前市
02/10/25 11:14,東北自動車道　津軽ＳＡ（上り）,青森県平川市沖舘字比山館３２－１,https://www.evcharger-network.com/chg_spot_search/,,急速充電器,00:00 ～ 23:59,CHAdeMO,最大50kW,最初の5分まで275円、以降1分毎に55円,,1,1台利用できます,0台利用中です,0台休止中です,青森県,弘前市
02/10/25 11:14,東北自動車道　津軽ＳＡ（上り）,青森県平川市沖舘字比山館３２－１,https://www.evcharger-network.com/chg_spot_search/,,急速充電器,00:00 ～ 23:59,CHAdeMO,最大50kW,最初の5分まで275円、以降1分毎に55円,,1,1台利用できます,0台利用中です,0台休止中です,青森県,弘前市
02/10/25 11:14,取得ミス,,https://www.evcharger-network.com/chg_spot_search/,,急速充電器,00:00 ～ 23:59,CHAdeMO,最大25kW,最初の5分まで275円、以降1分毎に55円,,1,1台利用できます,0台利用中です,0台休止中です,青森県,八戸市
02/10/25 11:14,取得ミス,,https://www.evcharger-network.com/chg_spot_search/,,急速充電器,00:00 ～ 23:59,CHAdeMO,最大25kW,最初の5分まで275円、以降1分毎に55円,,1,1台利用できます,0台利用中です,0台休止中です,青森県,八戸市
02/10/25 11:14,日産青森　三戸店,青森県三戸郡南部町大字沖田面字千刈２４,https://www.evcharger-network.com/chg_spot_search/,,急速充電器,00:00 ～ 23:59,CHAdeMO,最大50kW,充電1回当たり2970円,,1,1台利用できます,0台利用中です,0台休止中です,青森県,八戸市
02/10/25 11:14,日産青森　八戸店,青森県八戸市大字長苗代字二日市６－１,https://www.evcharger-network.com/chg_spot_search/,,急速充電器,00:00 ～ 23:59,CHAdeMO,最大50kW,充電1回当たり2970円,,1,1台利用できます,0台利用中です,0台休止中です,青森県,八戸市
02/10/25 11:15,日産青森　根城店,青森県八戸市根城７丁目１－３３,https://www.evcharger-network.com/chg_spot_search/,,急速充電器,00:00 ～ 23:59,CHAdeMO,最大44kW,充電1回当たり2970円,,1,1台利用できます,0台利用中です,0台休止中です,青森県,八戸市
02/10/25 11:15,サティオ弘前　五所川原店,青森県五所川原市広田柳沼５７－１,https://www.evcharger-network.com/chg_spot_search/,,急速充電器,00:00 ～ 23:59,CHAdeMO,最大50kW,充電1回当たり2970円,,1,1台利用できます,0台利用中です,0台休止中です,青森県,五所川原市
02/10/25 11:15,ローソン五戸上市川店,青森県三戸郡五戸町大字上市川字沼廻２３,https://www.evcharger-network.com/chg_spot_search/,,急速充電器,00:00 ～ 23:59,CHAdeMO,最大25kW,最初の5分まで275円、以降1分毎に55円,,1,1台利用できます,0台利用中です,0台休止中です,青森県,十和田市
02/10/25 11:15,ローソン八戸北バイパス店,青森県八戸市大字市川町字田ノ沢頭３０−２２,https://www.evcharger-network.com/chg_spot_search/,,急速充電器,00:00 ～ 23:59,CHAdeMO,最大25kW,最初の5分まで275円、以降1分毎に55円,,1,1台利用できます,0台利用中です,0台休止中です,青森県,十和田市
02/10/25 11:15,日産青森　十和田北店,青森県十和田市大字洞内字井戸頭１４４－７１１,https://www.evcharger-network.com/chg_spot_search/,,急速充電器,00:00 ～ 23:59,CHAdeMO,最大44kW,充電1回当たり2970円,,1,1台利用できます,0台利用中です,0台休止中です,青森県,十和田市
02/10/25 11:16,日産青森　十和田店,青森県十和田市大字三本木字千歳森３５７－２,https://www.evcharger-network.com/chg_spot_search/,,急速充電器,00:00 ～ 23:59,CHAdeMO,最大50kW,充電1回当たり2970円,,1,1台利用できます,0台利用中です,0台休止中です,青森県,十和田市
02/10/25 11:16,日産青森　むつ店,青森県むつ市大字田名部字赤川の内並木１１０－４,https://www.evcharger-network.com/chg_spot_search/,,急速充電器,00:00 ～ 23:59,CHAdeMO,最大50kW,充電1回当たり2970円,,1,1台利用できます,0台利用中です,0台休止中です,青森県,むつ市
02/10/25 11:16,日産青森　下北店,青森県むつ市仲町１－１０,https://www.evcharger-network.com/chg_spot_search/,,急速充電器,00:00 ～ 23:59,CHAdeMO,最大50kW,充電1回当たり2970円,,1,1台利用できます,0台利用中です,0台休止中です,青森県,むつ市
02/10/25 11:16,東北自動車道　津軽ＳＡ（上り）,青森県平川市沖舘字比山館３２－１,https://www.evcharger-network.com/chg_spot_search/,,急速充電器,00:00 ～ 23:59,CHAdeMO,最大50kW,最初の5分まで275円、以降1分毎に55円,,1,1台利用できます,0台利用中です,0台休止中です,青森県,平川市
02/10/25 11:17,取得ミス,,https://www.evcharger-network.com/chg_spot_search/,,急速充電器,00:00 ～ 23:59,CHAdeMO,最大50kW,最初の5分まで275円、以降1分毎に55円,,1,1台利用できます,0台利用中です,0台休止中です,青森県,大鰐町
02/10/25 11:17,ローソン野辺地高校前店,青森県上北郡野辺地町字観音林後１−１,https://www.evcharger-network.com/chg_spot_search/,,急速充電器,00:00 ～ 23:59,CHAdeMO,最大25kW,最初の5分まで275円、以降1分毎に55円,,1,1台利用できます,0台利用中です,0台休止中です,青森県,野辺地町
02/10/25 11:17,八戸自動車道　折爪ＳＡ（上り）,岩手県九戸郡軽米町大字山内第四地割字駒板１１１－６２－１,https://www.evcharger-network.com/chg_spot_search/,,急速充電器,00:00 ～ 23:59,CHAdeMO,最大50kW,最初の5分まで275円、以降1分毎に55円,,1,1台利用できます,0台利用中です,0台休止中です,青森県,南部町
02/10/25 11:18,八戸自動車道　折爪ＳＡ（上り）,岩手県九戸郡軽米町大字山内第四地割字駒板１１１－６２－１,https://www.evcharger-network.com/chg_spot_search/,,急速充電器,00:00 ～ 23:59,CHAdeMO,最大50kW,最初の5分まで275円、以降1分毎に55円,,1,1台利用できます,0台利用中です,0台休止中です,青森県,南部町
02/10/25 11:21,東北自動車道　津軽ＳＡ（上り）,青森県平川市沖舘字比山館３２－１,https://www.evcharger-network.com/chg_spot_search/,,急速充電器,00:00 ～ 23:59,CHAdeMO,最大50kW,最初の5分まで275円、以降1分毎に55円,,1,1台利用できます,0台利用中です,0台休止中です,青森県,弘前市
02/10/25 11:23,東北自動車道　津軽ＳＡ（上り）,青森県平川市沖舘字比山館３２－１,https://www.evcharger-network.com/chg_spot_search/,,急速充電器,00:00 ～ 23:59,CHAdeMO,最大50kW,最初の5分まで275円、以降1分毎に55円,,1,1台利用できます,0台利用中です,0台休止中です,青森県,平川市
02/10/25 11:23,取得ミス,,https://www.evcharger-network.com/chg_spot_search/,,急速充電器,00:00 ～ 23:59,CHAdeMO,最大50kW,最初の5分まで275円、以降1分毎に55円,,1,1台利用できます,0台利用中です,0台休止中です,青森県,大鰐町
02/10/25 11:24,八戸自動車道　折爪ＳＡ（上り）,岩手県九戸郡軽米町大字山内第四地割字駒板１１１－６２－１,https://www.evcharger-network.com/chg_spot_search/,,急速充電器,00:00 ～ 23:59,CHAdeMO,最大50kW,最初の5分まで275円、以降1分毎に55円,,1,1台利用できます,0台利用中です,0台休止中です,青森県,南部町
02/10/25 11:30,東北自動車道　津軽ＳＡ（上り）,青森県平川市沖舘字比山館３２－１,https://www.evcharger-network.com/chg_spot_search/,,急速充電器,00:00 ～ 23:59,CHAdeMO,最大50kW,最初の5分まで275円、以降1分毎に55円,,1,1台利用できます,0台利用中です,0台休止中です,青森県,弘前市
02/10/25 11:31,東北自動車道　津軽ＳＡ（上り）,青森県平川市沖舘字比山館３２－１,https://www.evcharger-network.com/chg_spot_search/,,急速充電器,00:00 ～ 23:59,CHAdeMO,最大50kW,最初の5分まで275円、以降1分毎に55円,,1,1台利用できます,0台利用中です,0台休止中です,青森県,平川市
02/10/25 11:32,取得ミス,,https://www.evcharger-network.com/chg_spot_search/,,急速充電器,00:00 ～ 23:59,CHAdeMO,最大50kW,最初の5分まで275円、以降1分毎に55円,,1,1台利用できます,0台利用中です,0台休止中です,青森県,大鰐町
02/10/25 11:32,八戸自動車道　折爪ＳＡ（上り）,岩手県九戸郡軽米町大字山内第四地割字駒板１１１－６２－１,https://www.evcharger-network.com/chg_spot_search/,,急速充電器,00:00 ～ 23:59,CHAdeMO,最大50kW,最初の5分まで275円、以降1分毎に55円,,1,1台利用できます,0台利用中です,0台休止中です,青森県,南部町
